Recipe ID,Food Item Name,Ingredients
716426,"Cauliflower, Brown Rice, and Vegetable Fried Rice","grapeseed oil, coconut oil, scallions, garlic, cauliflower, brown rice, broccoli, peas, soy sauce, sesame oil, sesame seeds, additional scallion tops, salt"
642129,Easy To Make Spring Rolls,"you can use regular basil, boston lettuce, chili pepper, fish sauce, coriander leaves, garlic, lime juice, mint leaves, bell pepper, rice vinegar, shrimp, spring roll wrappers, sugar, water, nuoc cham, nuoc cham"
798400,Spicy Black-Eyed Pea Curry with Swiss Chard and Roasted Eggplant,"black-eyed peas, curry powder, garam masala, globe, ground coriander, ground cumin, ground mustard powder, juice of lemon, olive oil, chilies, sea salt, shallots, swiss chard, tomato, water"
716311,Mango Fried Rice,"chicken stock, seasoning cubes, mango, rice, vegetables, scotch bonnet pepper"
646043,Gujarati Dry Mung Bean Curry,"baking powder, chillies, cinnamon powder, coriander, cumin seeds, curry leaves, garlic, lemon juice or, mung beans, mustard seeds, salt, sugar, sunflower oil, tomato, turmeric"
716217,"Vietnamese Pancakes with Vegetables, Herbs and a Fragrant Dipping Sauce (Bánh Xèo)","brown rice flour, brown sugar, carrot, cayenne, coconut milk, daikon radish, egg, enoki mushrooms, basil leaves, ginger, mint leaves, parsley, garlic, chili, chilies, green onions, juice of lime, mung bean sprouts, chilies, rice vinegar, sea salt, sesame oil, sesame oil, snow peas, tamari sauce, turmeric"
644826,Gluten Free Dairy Free Sugar Free Chinese Chicken Salad,"apple cider vinegar, pepper, sesame seeds, carrots, extra virgin olive oil, cabbage, kosher salt, satsuma mandarins, cabbage, chicken breasts roasted, romaine lettuce hearts, scallions, sesame oil, juice of 1 mandarin (cut crosswise then tablespoon into jar over a strainer), sesame seeds, xylitol"
716364,Rice and Peas with Coconut Curry Mackerel,"coconut milk, corn starch, curry powder, garlic, seasoning cubes, mackerel, bulb of onion, kidney beans, rice, scotch bonnet peppers"
665379,Winter Kimchi,"napa cabbage, brine solution, chilly paste / korean gochujang paste, bowl rice, radish, spring onions, chilly flakes, sugar, garlic bulb, fermented baby shrimps/ cincalok, fish sauce"
660231,Skinny Veggie Fried Rice,"sesame oil, ginger, garlic, mushrooms, baby corns, green onions white part, size carrot, bell pepper, soy sauce, salt, bell pepper, sesame seeds"
647875,Indian-Style Dill and Turmeric Potato Salad,"of chilli flakes, dill, garlic, olive oil, potatoes, salt, turmeric powder"
660290,Slow Cooker Lamb Curry,"baking potatoes, beef broth, butter, cilantro, curry, fennel powder, garam masala, garlic, ginger, lamb stew meat, mushrooms, olive oil, onion, oregano, yogurt, rosemary, salt, tomato paste"
637440,Chapchae (Korean Stir-Fried Noodles),"sweet potato vermicelli noodles, onion, garlic, baby spinach, carrots, scallions, mushrooms, zucchini, olive oil, sesame oil, soy sauce, sugar, salt"
663177,Thai-Style Mussels,"wine, garlic, stem lemongrass, mussels, olive oil, chilies, thai basil leaves, water"
652078,Miso Soup With Thin Noodles,"water, spinach, block of tofu, shitaki mushrooms, chives, onion, thai kitchen rice noodles, ginger, parsnip, baby carrots, zucchini, pepper flakes-taste as you go to adjust flavors, ginger powder-taste as you go to adjust flavors"
632822,Asian Coleslaw with Baked Salmon,"an avocado, oz. beansprouts, oz. carrot, tbsp chives, oz. corn, juice of lemon, juice of lime, lettuce leaf, limes, tbsp mayonnaise, tbsp japanese mirin, olive oil, salmon filets of 150gr / 5 oz. each, salt and pepper, cut julienne, tsp wasabi paste, tbsp, to finish, to finish"
648910,Kimchi,"napa cabbage, salt, scallions, garlic cloves, ginger root, ground chili pepper, sugar"
632835,Asian Green Pea Soup,"peas, ginger - remove skin and, garlic - remove skin, coriander leaves, carton milk, drops of virgin olive oil, pepper and salt"
641128,Curry Mussels,"mussels, onion, wine, crème fraiche, curry powder, cayenne pepper, parsley, olive oil, salt and pepper"
1096250,Pho With Zucchini Noodles,"top sirloin steak, zucchini, cinnamon sticks, star anise, cloves, beef bone broth, ginger, soy sauce, fish sauce, bean sprouts, cilantro, basil, jalapeño pepper, steams green onion, sriracha, hoisin sauce, lime wedges"
633088,Authentic Jamaican Curry Chicken,"allspice, coconut oil, curry powder, garlic, bell pepper, onion, pepper pepper, salt, scallions, scotch bonnet pepper, chicken thighs, sweet potatoes, thyme, water"
648916,Kimchi/Kimchee/Gimchi (Korean Fermented Spicy Cabbage),"brown sugar, napa cabbages, coarse sea salt, fish sauce, garlic cloves, ginger, gochugaru, green onions, radish, rice flour, onion, saewujeot, saewujeot"
638642,Chinese Chicken Salad With Chipotle Dressing,"pea-mond dressing, rice wine vinegar, smooth peanut butter, smooth almond butter, ginger, adobo chipotle pepper juice, adobo chipotle pepper puree, soy sauce, honey, sesame oil, canola oil, salt and pepper, salad, napa cabbage, romaine lettuce, carrots, snow peas, cilantro leaves, green onion, rotisserie chicken, roasted peanuts, mint leaves, chili oil, lime"
643775,Indian-Style Pumpkin Side Dish,"coriander powder, curry leaves, chili peppers, ginger, mustard seeds, onions, pumpkin, turmeric powder"
648506,Japanese Sushi,"octopus, prawns, tuna, salmon, salmon caviar, japanese sticky rice, lava seaweed, wasabi, asparagus, shiitake mushrooms"
641908,Easy Chicken Tikka Masala,"chicken breasts, grape seed oil, onion, garlic, garam masala, cumin, coriander, turmeric, cardamon, cinnamon, ginger, cayenne, paprika, tomato paste, tomato, water, yogurt, coriander, salt"
663126,Thai Pasta Salad,"broccoli, chili sauce, cilantro leaves, fish sauce, garlic, hoisin sauce, lemon juice, olive oil, onions, peppers, salt and pepper, soy sauce, spaghetti"
641111,Curry Beef Over Rice Noodles,"curry powder, ginger, garlic, lime juice, onions, rice noodles, natural roasted peanuts, angus inside round steak, soy sauce, sambal oelek, sambal oelek"
638649,Chinese Chicken Salad With Creamy Soy Dressing,"bell pepper, carrot, mayonnaise, ginger root, green onions, soy sauce, chicken breast, snow peas, torn spinach leaves"
1697543,Ground Pork Ramen,"ramen, vegetable oil, ground pork, celery, garlic, oyster sauce, soy sauce, chili paste, cilantro, lime wedges"
634710,Beef Teriyaki Stir Fry,"broccoli florets, brown sugar, cornstarch, sesame oil, flank steak, garlic, ginger, mushrooms, oil, bell pepper, scallions, sesame seeds, soy sauce"
650484,Luscious Palak Paneer,"baking powder, cardamom powder, cinnamon powder, coriander powder, cumin powder, cloves garlic, ginger, chilies, ground fennel, onion, paneer, salt, spinach, sunflower oil, tomatoes, turmeric, water"
663166,Thai Tofu With Bok Choy,"bok choy, brown sugar, carrots, chili paste, corn starch, block extra tofu, fish sauce, oyster sauce, sesame oil, soy sauce"
632983,Assam Fish Curry,"fish steaks/fillets, capsicum, curry paste, ginger, garlic, tamarind paste, sugar, oyster sauce, long stalks lemon grass, lime leaves, curry leaves, shaoxing huatiao wine, coconut cream, coriander to garnish"
632896,Asian Vegetable Salad,"size bell peppers, carrots, gingerroot, soy sauce, pineapple chunks, sesame oil, sesame seeds, snow peas, bn watercress, white wine vinegar"
663113,Thai Green Mango Salad,"fish sauce, thai palm sugar, limes, to 3 chilli padis, garlic, shallots, shrimps, tomato, carrot, mangoes, long beans, roasted coarse peanuts"
634965,Bibimbab (Korean Rice w Vegetables & Beef),"carrots, rice, eggs, cucumber, garlic clove, sprinkle gochugaru, gochujang, olive oil, sesame oil, sesame seeds, soy sauce, spinach, sandwich steaks"
649077,Korean-Style Hamburg Steak w Tomato Gravy,"ground pork, onion, green onions, garlic cloves, panko breadcrumbs, salt and pepper, egg, olive oil, milk, tomato cherries, parmesan cheese, ketchup, garlic cloves, onion, flour, salt and pepper, sunny side up eggs, beef broth, ketchup, worcestershire sauce, cornstarch, salt and pepper"
642468,Ethiopian Lentil Curry,"amchar masala, brown lentils, canned tomatoes, cauliflower head, garlic cloves, onion, peas, yogurt, masala molida, tomato paste, vegetable oil"
664830,"Vietnamese Beef-Noodle Soup With Asian Greens, Okay Vietnamese/japanese","baby bok choy leaves, brown sugar, cardamom pods, fish sauce, basil leaves, bean sprouts, ginger, mint leaves, garlic cloves, less-sodium beef broth, lime wedges, less-sodium soy sauce, miso, wide rice stick noodles, sesame oil, sirloin steak, snow peas, star anise, thai chile, water, onion"
652026,"Mint, Fennel and Garlic Naan","brown sugar, flax meal, garlic, warm milk, mint and fennel leaves, nutritional yeast, salt, unbleached flour, f water, rapid rise yeast"
649199,Lamb Chops Masala,"cayenne, coriander, ground roasted cumin seeds, remove all extra fat, punjabi garam masala, garlic, in piece of ginger, lamb chops from the, lemon juice, sized onions very, salt, tomatoes, yoghurt, or, or"
637391,Chai Pani’s Malabar Chicken Curry,"chicken breast, chiles, chili powder, cilantro, curry leaves, fenugreek seeds, ginger, ground coriander, lime juice, mustard seeds, onion, salt, tomatoes, turmeric, coconut milk, vegetable oil"
716338,Lamb Coconut Tomato Curry Sauce,"coconut milk, curry powder, garlic, ginger, seasoning cubes, lamb, blended onions, vegetables, blended tomato, water, bell pepper, garnishing, garnishing"
640234,Couscous Biryani,"broccoli, carrots, chili powder, cinnamon stick, couscous, curry powder, cilantro, mint, garam masala, garlic cloves, cardamom pods, chilies, onion, peas, roasted peanuts, salt, turmeric"
658482,Roasted Acorn Squash Stuffed W/spicy Biryani (Veg/vegan),"acorn squashes, basmati rice soaked in water, water, garam masala, onion, peppers, cashew nuts- a bit, saffron, cilantro, biryani paste- recipe below, onion, salt, coarse pepper, pam original flavor, vegetable oil, onion, beefsteak tomato, garlic, ginger, chili powder, cilantro, hefty biryani paste, vegetable oil"
649031,Korean Bibimbab (Rice w Vegetables & Beef),"carrots, rice, eggs, cucumber, garlic clove, sprinkle gochugaru, gochujang, olive oil, sesame oil, sesame seeds, soy sauce, spinach, sandwich steaks"
661740,Strawberry and Banana Lassi,"banana, evaporated cane sugar, curry powder, non-fat greek yogurt, non-fat milk, strawberries"
632854,Asian Noodles,"carrots, cashews, egg noodles, ginger, shiitake mushrooms, garlic clove, chile pepper, hoisin sauce, peanut oil, bell pepper, rice wine vinegar, scallions, snow peas"
638369,Korean Sweet n Sour Chicken,"carrots, chicken breasts, cider vinegar, corn starch, cornstarch, edamame, egg, flour, onion, pineapple juice, soy sauce, sugar, vegetable oil, water"
661072,"Spicy Coconut Curry With Peppers, Pak Choi and Tomatoes","coconut cream, tomato, bell pepper, pak choi, an onion, chilli paste, chutney, sugar, coconut oil, water"
645541,Green Thai Curry with Beef,"baby bok choy, coconut milk, carrots, curry powder, fish sauce, flank steak, garlic, lemon juice, ground lemongrass, oil, onions, orange pepper, oyster mushrooms, bell pepper, rice wine vinegar, snap peas, soy sauce, bell pepper"
1096217,Healthy Cabbage Soup with Spicy Kimchi,"olive oil, onion, ground pork, garlic cloves, ginger, cabbage, soy sauce, fish sauce, sesame oil, spicy kimchi juice and all, chicken bone broth, scallions"
651180,Masala Lamb Chops,"cumin, cilantro, garam masala, plump cloves of garlic, chiles, ground coriander, lamb chops, oil, chili powder, salt, turmeric powder"
641565,Donkatsu - Korean Breaded Pork Cutlet,"cabbage, carrot, eggs, flour, katsu sauce, panko bread crumbs, pork chops, salt and pepper, vegetable oil"
663169,Thai Veggie Slaw with Peanut Dressing and Crispy Wontons,"wonton wrappers, five spice, cayenne, dry-roasted peanuts, canola oil, lime juice, fish sauce, brown sugar, sriracha, ginger, garlic clove, napa cabbage, a head of cabbage, snow peas, bell pepper, carrots, scallion, cilantro leaves"
647874,Indian-Inspired Lentil Soup,"olive oil, onion, garlic, canned tomatoes, chicken broth, curly parsley, of lentil, garam masala powder, curry powder, chili flakes if desired, lemon"
1095994,Crock Pot Chicken Pho,"chicken stock, chicken breasts, brown sugar, fish sauce, cinnamon stick, star anise, ginger, cloves, rice noodles, bok choy, bean sprouts, basil leaves, jalapeños, lime"
1095955,Instant Pot Pork Tenderloin Teriyaki,"canola oil, pork tenderloins, amounts of salt and pepper, teriyaki sauce, sesame seeds, green onions, jasmine rice, broccoli"
643255,Fragrance Is In The Air: Asian Noodle Shrimp Soup,"ginger, peanut oil, onion, cinnamon sticks, star anise, garlic cloves, asian chili garlic paste, chicken stock/broth, sherry 1 tbsp. honey, water, shrimp, baby bok choy, asian soba wheat, green onions, to"
632881,Asian Slaw,"cabbage, carrots, cayenne pepper, ginger root, mirin, sesame oil, tamari soy sauce"
649030,Korean Beef Rice Bowl,"fat-trimmed beef flank steak, korean marinade, green beans, carrot, rice vinegar, asian sesame oil, sugar, salt, salad oil, fat-skimmed beef broth, rice, thinly- green onions, sesame seed"
638389,Chicken Tikka Masala Indian,"chicken breasts, onion, 4 garlic, ginger powder, tomato puree, ground turmeric, ground cumin, garam masala, paprika, cayenne, yogurt, butter, salt and pepper, canola oil, loaves ready-made naan, cilantro"
647830,Indian Lentil Dahl,"canola oil, cilantro, coconut milk, ginger, garam masala, garlic cloves, lime juice, onion, plum tomatoes, lentils, salt, water"
645634,Grilled Chicken Banh Mi,"fish sauce, lime juice, sugar, garlic, jalapeno, salt, chicken breasts, tap water, rice vinegar, salt, pepper, carrots, daikon radishes, sub rolls, mayonnaise, cucumber, cilantro leaves, jalapeno"
632026,Ahi Tuna with Sweet and Spicy Asian Slaw,"tropical food's snack mix, ahi tuna, ground pepper, extra virgin olive oil, soy sauce, sesame oil, rice wine vinegar, honey, mayonnaise, lime zest, ginger, garlic, brown sugar, napa cabbage, cabbage, carrots, wasabi peas, sesame seeds, salt"
632901,Asian-Braised Lamb Shanks,"beer, brown sugar, cinnamon, cinnamon stick, extra virgin olive oil, five spice powder, flour, garlic cloves, ginger, lamb shanks, lime juice, pepper flakes, rice wine, salt & pepper, soy sauce, star anise pod, tamarind concentrate"
645474,Green Mango Salad - Thai Side Dish,"chilies, fish sauce, juice of lime, lettuce, mango., sugar, wholes tomatoes"
648758,Kari Kepala Ikan Bersama Belimbing Buluh (Fish Head Curry),"mustard seeds, chili powder, coconut milk, coriander powder, cumin powder, curry leaves, fennel powder, fenugreek/halba seeds, garlic paste, ginger paste, tenggiri/mackerel fish head - clean and chop into pieces, oil, onion paste, pepper powder, salt, turmeric/kunyit powder, belimbing buluh, belimbing buluh"
651911,Minced Beef Curry,"mince beef, onion, cardamon pods, garlic, ginger, turmeric powder, coriander powder, cumin powder, chilli powder, garam masala, cumin seeds, tomato paste, peas, chilli, some coriander"
1096225,Coconut Vegetable Curry Over Quinoa,"coconut oil, garlic clove, ginger, green onion, kettle & fire beef bone broth, zucchini, sweet potatoes, coconut milk, garam masala, sea salt, pepper, parsley, quinoa"
663149,Thai Sausage Salad,"sausages, cucumbers, bean sprouts, green onions, cilantro leaves, chili pepper, jasmine rice, lime juice, granulated sugar, thai fish sauce, soy sauce"
637908,Chicken and Miso Ramen Noodle Soup,"angel hair pasta, baby carrot, hardboiled eggs, ginger root, low salt chicken stock, miso paste, nori, onion, sesame seeds, chicken breast, spring onion"
663078,"Thai ""Chicken"" Wraps","of faux chicken strips, soy sauce, sesame oil, sesame seeds, of mung bean sprouts, of broccoli slaw mix, of basil, sugar, rice wine vinegar, sea salt, ground pepper, romaine lettuce leaves, of natural peanut butter, soy sauce, rice wine vinegar, sesame oil, of peanuts"
735820,Crock-Pot: Asian-Style Country Ribs with Black Bean Garlic Sauce,"black bean garlic sauce from a jar, chicken stock, cornstarch, country, sesame oil, garlic, ginger root, honey, coarsely cracked pepper, pork ribs, soy salt, tablespoons scallions"
638496,Chickpea and Pumpkin Curry,"bay leaves, chunky cut carrot, chickpeas, chili, coconut milk, coriander powder, curry powder, ginger, garlic, oil, onion, pumpkin, turmeric, water"
660493,Soba Noodle In Kombu Dashi With Teriyaki Salmon,"salmon filet/loin, sake, soya sauce, mirin, sugar, vegetable oil, water, kombu, soba, goji berries, sesame seeds"
632796,Asian Bbq Sauce,"brown sugar, oil, curry powder, garlic, ginger, green onions, peanut butter, pepper, sesame seeds, sherry, soy sauce"
646425,Healthier Pork Fried Rice,"rice, ginger, pork tenderloin, garlic powder, onion powder, ground ginger, ground pepper, salt, olive oil, garlic cloves, ginger, green onion, peas and carrots, eggs, soy sauce, hoisin"
664835,Vietnamese Noodle Salad With Tofu,"broccoli florets, cane sugar, carrot, cucumber, fish sauce, garlic gloves, centimeters ginger, handfull herbs, iceberg leaves, juice of lime, peanuts, bell pepper, chili, rice noodles, rice vinegar, sesame oil, soya, spring onion, tofu, water"
658058,Red Curry Stew & Vegetable Noodles,"basil leaves, cabbage, carrots, fish sauce, garlic, ginger, coconut milk, lime juice, olive oil, potato, curry paste, onion, sea salt, tofu, vegetable stock, squash, zucchini"
633649,Baked Indian Spice Chickpea,"chickpeas, olive oil, curry powder, ground ginger, ground coriander, ground cumin, sea salt"
646123,Halibut W/ Coconut and Green Curry,"brown sugar, coconut milk, cilantro sprigs, basil, curry paste, halibut filet, lime juice, lime zest, olive oil, bell pepper, sal & pepper, shallot, shiitake mushrooms, soy sauce, sriracha, vegetable stock"
632806,Asian Carrot Dressing,"carrot juice, ginger, salt, sesame oil, soy sauce, white wine vinegar"
649036,Korean Candy Chicken,"rice, eggs, flour, soy sauce, sesame seeds, chicken breasts, sugar"
637264,Cashew Butter Chicken,"cayenne pepper, cumin seeds, fenugreek leaves, coriander, garam masala, garlic, ginger, ground coriander, ground cumin, oil, cooking onion, yogurt, plum tomatoes, salt, chicken thighs, turmeric"
654313,Pachai Payaru Kulambu (Green Moong Dal Curry),"pachai payaru/green moong dal - soaked, garlic - remove skin, shallots - remove skin, ginger, turmeric powder, tomato - thinly, curry powder, coconut milk/cream, salt, ghee/butter/oil, cumin seeds, chilies - to tiny pieces, curry leaves"
1095772,Spicy Thai Pork Lettuce Wraps,"ground pork, coconut oil, chilli flakes, palm sugar, fish sauce, lime juice, shallots, cilantro, spring onion, handful, lettuce"
642941,Fish Fillet In Creamy Coconut Curry,"canned tomatoes, coconut milk, coriander powder, cumin, indian curry leaves, chillies, lingcod fillet, garlic, ginger, chilies, kabocha squash, oil, onion, parsley, tamarind paste, tumeric powder"
637426,"Channa-Chickpea, Potato & Cauliflower Curry","sunflower oil, onion- thinly, garlic-minced, ginger-minced, tumeric, ground cumin, fenugreek, cumin seeds, curry powder, paprika, potatoes-peeled, water-to cover, chickpeas-drained, cauliflower-cut into florets, sea salt, apple cider vinegar, sugar"
656777,Pork Fried Rice,"rice, eggs, ginger, green onions, hoisin sauce, soy sauce, pork loin, onion, sesame oil, vegetable oil, sugar, vinegar"
642283,Eggplant Curry,"cayenne pepper, coconut milk, cumin, eggplants, garlic, ginger, greek yogurt, ground coriander, heirloom tomatoes, pepper flakes, salt, turmeric, onions"
654373,Palak Paneer,"spoon butter, cheese, chillies, garam masala, oil, spoon salt, spinach, tomato"
653008,Neoguri (Spicy Seafood Ramen),"egg, mussels, neoguri ramen, scallion, seaweed"
632862,Asian Pear and Gorgonzola Salad With Pomegranate Vinaigrette,"greens, asian pears, pomegranate seeds, gorgonzola, pistachio nuts, pomegranate seeds, red wine vinegar, sugar, shallots, extra virgin olive oil, kosher salt and cracked pepper"
663090,Thai Coconut Curry Lentil Soup,"cilantro, garlic, ginger, coconut milk, olive oil, onion, lentils, salt, sweet potato, thai curry paste, turmeric, water"
661117,Spicy Korean Bbq Pork,"pork loin, brown sugar, chili garlic sauce, ginger, garlic cloves, rice vinegar, sesame oil, soy sauce"
648470,Japanese Curry Puffs,"carrots, potatoes, onion, japanese curry, water, oil, puff pastry dough sheets"
663074,Thai Basil Chicken With Green Curry,"vegetable oil, onion, bell pepper, garlic, chicken breasts, chicken stock, coconut milk, fish sauce, brown sugar, curry paste, salt and pepper, thai basil leaves, chilies"
638382,Chicken Teriyaki with Soba Noodles,"brown sugar, cornstarch, garlic, ginger, green onion, lemon juice, soy sauce, mirin, sesame oil, sesame seeds, shiitake mushrooms, chicken breasts, soba noodles, sriracha"
647680,Hyderabadi Chicken Curry,"chicken breasts, onion, chili, ginger paste, garlic paste, chili powder, turmeric powder, salt, ghee, cardamom, cinnamon stick, bay leaf, yogurt, cilantro, cashew nuts, roasted poppy seeds, saffron strands, milk"
648774,Kashmiri Rogan Josh,"pch asafetida, beef broth, cayenne pepper, ginger, fennel seeds, garam masala, lamb, paprika, yogurt, salt, vegetable oil"
1697723,Thai Street Food Made at Home - Crazy Easy and Crazy Delicious in 30 Minutes,"ground pork, shallot, habanero, scallions, cilantro, mint leaves, fish sauce, sugar, juice of lime, maldon salt"
654532,Paneer jalfrezi,"paneer, oil, cumin seeds, tomato, tomatoes, onion, bell pepper, turmeric powder, chilli powder, chillies, chillies, ginger, garam masala, sugar, vinegar, coriander, salt"
632838,Asian Honey Mustard Salmon On Spinach and Mushrooms,"pre-washed baby spinach, creole mustard, garlic, ginger, honey, clean mushrooms, to 8 salmon, salt and pepper, sesame oil, soy, onion"
638722,Chinese Style Stewed Meatballs,"ground beef, ground pork, water, canola oil, napa cabbage, beef stock, green onion, ginger, egg, baking soda, soy sauce, salt, shaoxing wine, cornstarch, soy sauce, sugar, cornstarch, sesame oil"
716202,Fenugreek Roti,"ajwain seeds, asafetida, baking soda, cayenne, chickpea flour, chili powder, fenugreek leaves, ghee, ground coriander, ground cumin, yogurt, sea salt, flour"
650378,Curry Chicken Salad,"chicken, carrot, celery, cucumber, madras curry powder, mayonnaise, grapes, salad greens, turmeric powder"
663092,Thai Coconut Curry Soup,"coconut milk, worth of water, curry paste, ginger paste, snow peas, string beans, carrot, of thai basil leaves, lime juice, soy sauce, a few es of sesame oil, chili powder, tofu, salt, bell pepper, pepper"
1096306,Vegan Chana Masala Curry,"cooking oil, onions, ginger, garlic paste, ground cumin, chilli powder, ground coriander, ground turmeric, garam masala, ground pepper, salt, coconut sugar, canned tomatoes, chickpeas, water, coconut cream"
651337,Meatball Curry (Kofta Curry),"beef, brown sugar, cardamon pods, carrot, coriander, coriander powder, cumin powder, cumin seeds, egg, garam masala, garam masala, garlic paste, ginger paste, chilli, chilli, mustard seeds, onion, salt, salt & pepper, tomato paste, turmeric powder, water, yoghurt"
644859,Gluten Free Vegetarian Spring Rolls With Thai-Style Peanut Sauce,"rice vermicelli, carrots, cabbage, scallions, basil leaves, mint leaves, cilantro, peanuts, ginger, soy sauce, lime juice, sesame seed oil, es round spring roll wrappers, warm water, sugar, creamy peanut butter, soy sauce, coconut milk, lime juice, chili paste depending on your taste pref, garlic"
1095743,Coconut Curry Ramen Noodles,"mushrooms, soy sauce, ginger, curry powder, chili sauce, maple syrup, vegetable stock, curry paste, coconut milk, onion, block tofu, rice noodles, coriander, spring onions, sesame seeds"
650606,Madras Beef Curry,"garam masala, ground cinnamon, curry powder, pepper, salt, cayenne pepper, brown sugar, garlic cloves, ginger, lemon juice, vegetable oil, beef, canned tomatoes, green onions, basmati rice"
635601,Boiled Egg Curry,"canola oil, chilli powder, hardboiled eggs, coriander to garnish, ginger, garam masala, garlic cloves, chillies, ground coriander, ground cumin, onions, salt, big tomatoes, turmeric powder"
663156,Thai Stir-Fry Chicken With Cashew Nuts,"chicken breast, onion, garlic, green onion, chilies, thai chili paste, cashew nuts, soy sauce, soy sauce"
651184,Masala Raisin Chicken,"chicken, chili powder, raisins, ginger paste, garlic paste, onion paste, tomato, spices - 1 cinnamon, curry leaves, oil, salt"
641110,Curry and Sage Roast Chicken,"curry, sage, garlic - &, honey, juice of lemon, juice of orange, olive oil, pepper, turmeric, chicken"
661287,Spinach Chickpea - Palak Chana Rice,"cardamom, chickpeas, cinnamon stick, coconut, ginger garlic paste, chilies, oil, onion, basmathi rice, salt, spinach leaves, water"
638714,Chinese Style Chicken and Noodle Stir Fry,"chow mein noodles, chicken broth, sugar, oyster sauce, soy sauce, water, vegetable oil, garlic, ginger, chicken thighs, onion, bell pepper, carrots, sugar snap peas"
918033,Chicken Spring Rolls,"broccoli slaw, garlic clove, ground chicken, ground pepper, ketchup, rice paper wrappers, rice wine vinegar, soy sauce, soy sauce, soy sauce, sriracha sauce, stevia, chili sauce, vegetable oil, water"
663033,"Teriyaki Flank Steak Sandwich With Napa Cabbage, Red Bell Peppers & Carrots","brown sugar, canola oil, carrot, flank steak, flour, ginger, garlic, napa cabbage, bell pepper, rice vinegar, salt and pepper, sesame seeds, soya sauce, water, tortillas"
641904,Easy Chicken Tandoori,"chicken, tikka tandoori paste, coriander leaves, greek yogurt, onions, tomatoes"
652598,Murg Malai Tikka,"chicken breast, onions, ghee/butter/oil, lemon juice, heavy cream, cream, mozzarella cheese, garlic paste, ginger paste, ghee [clarified butter], cumin powder, coriander powder, chilli powder, pepper powder [adjust to taste], cinnamon powder, saffron strands [optional], kasuri methi [dried fenugreek leaves, orange food color [optional], kosher salt"
647876,Indian-Style Eggs On Toast,"bread, eggs, onion, tomato, turmeric powder, coriander leaves, salt and pepper"
643808,Fried Stuffed Wontons with Healthy Dark Chocolate,"almonds, chicken breast, egg, bell pepper, salt, vegetable oil, xocai nuggets, water, wonton"
640656,Creamy Maharashtrian Chole,"chick peas, onion, beefsteak tomato, mustard seeds, garam masala, garlic, ginger, cream, turmeric, chili powder, couple water, salt, coarse pepper- few grinds, cilantro, onion, peppers, pam- original, vegetable oil"
664847,Vietnamese Spring Rolls,"bean sprouts, carrots, birdeye chillies, fish sauce, garlic, lime juice, rice wrappers, rice vermicelli, rice vinegar, caster sugar, thai basil, tiger prawns"
632829,Asian Flank Steak,"barbecue/thick and spicy sauce, garlic clove, green onion, ground ginger, sesame seeds, soy sauce, to"
655926,Pickled Asian Ginger Salad,"sesame seeds, carrot, cucumber, daikon, ginger, rice vinegar, sesame oil, sugar"
633650,Baked Indian Samosas,"puff pastry, egg, water, russet potato, water, salt, bay leaves, coriander seeds, peppercorns, chili flakes, chicken breast, mango, peas, juice of lime, chipotle sauce, cumin seeds, cilantro leaves, salt and pepper"
649040,Korean Chicken Stew,"carrot, chicken drumsticks, kochujang chili paste, ginger and garlic paste, potatoes, rice wine, sesame oil, soy sauce, sugar"
636488,Butter Chicken,"chicken thighs, buttermilk, garlic, salt, pepper, cayenne pepper, ground coriander, cumin, cardamom, oil, onion, butter, lemon juice, ginger, garlic cloves, garam masala, bay leaf, tomato sauce, canned tomatoes, whipping cream, cilantro"
651914,Minced Mutton Curry,"cardamon pods, cilantro leaves, cinnamon stick, coconut milk, cooking oil, coriander powder, cumin powder, curry leaves, curry powder, garlic, ginger, ground lamb, onion, potatoes, salt, star anise, water"
632810,Asian Chicken,"firmly brown sugar, cornstarch, vinegar, soy sauce, pineapple chunks, strips, onion rings, oil, chicken breasts"
640621,Creamy Chicken Tikka Masala,"pepper, tomato sauce, cayenne pepper, cilantro, ginger, garlic, ground cinnamon, ground cumin, heavy cream, jalapeno pepper, lemon juice, paprika, salt, chicken breasts, butter, yogurt"
1096230,Healthy Tomato Soup with Coconut and Curry,"coconut oil, onion, bell pepper, carrot, kosher salt, garlic clove, canned tomatoes, curry powder, chicken bone broth, coconut milk, lime, pepper, microgreens, hemp seeds"
664828,Vietnamese Banh Mi,"rolls, loin. thinly, garlic, fish sauce, sugar, ground pepper, onion, vegetable oil, sesame seed oil, mayo, cilantro sprigs, pickled carrot and daikon, pate, cucumber, jalapeno"
663144,Thai Red Curry,"bamboo shoots, brown sugar, chicken breast, coconut milk, fish sauce, onions, pineapple chunks, bell pepper, curry paste, snow peas"
644376,Garlic-Butter Naan,"ice water, nonfat greek yogurt, canola oil, egg yolk, flour, sugar, rapid-rise yeast, salt, butter, garlic"
644135,Galbi Tang (Korean Beef Short Ribs Soup),"beef short ribs, korea radish, glass noodles, sea salt, scallions, egg strips, sesame seeds, soy sauce, sesame oil, garlic, ground pepper"
1095986,Kohlrabi Fries with Curry Ketchup,"kohlrabi, oil, ground paprika, curry powder, salt and pepper, tomato paste, water, apple vinegar, favorite curry powder, sugar, mustard, garlic powder, soy sauce, paprika powder, chili flakes"
647795,Indian Asparagus with Ginger & Lime,"asparagus spears, chili powder, cumin seeds, ginger, lime juice, mustard seeds, olive oil, salt, shallots, sugar"
653973,Orange Teriyaki Chicken,"chicken thighs, kosher salt, pepper, garlic, grapeseed oil, sesame oil, ginger, onion, brown sugar, soy sauce, honey, apple cider vinegar, juice of orange, sriracha, cornstarch, water"
1095843,Chinese Scallion Pancakes,"flour, salt, water, green onions, sesame seed oil, oil"
631748,Asian Shrimp Stir-Fry,"canola oil, shrimp, bell pepper, onion, garlic, ginger root, pepper, flavor concentrated seafood broth, soy sauce, sugar, water, sesame oil, sesame seeds, green onion"
642499,Express Chicken Curry,"chicken breast, curry powder, potato, olive oil, meat curry paste, fried tofu each piece, onion, garlic, water, coconut milk"
633093,Autumn Fried Rice with Buffalo Nuts®,"carrots, chicken stock, tropical food's, ginger, garlic, ground cinnamon, ground nutmeg, apples, soy sauce, squash, vegetable oil, rice"
663121,Thai Massaman Curry,"lamb, potatoes - remove skin, bay leaves, fish sauce, lime juice, coconut milk, oil, salt ), chilies, peppercorns, cumin seeds, cloves, cardamoms, roasted belacan, galangal, coriander leaves, lemongrass, shallots, garlic, lime rind"
658270,Rice Noodles With Wonton/chinese Ravioli In Mushroom Sauce,"half carrot, cornstarch, shiitake mushrooms, garlic, oyster sauce, pepper, pork, prawns, rice noodles, sesame oil, soya sauce, spring onions, vegetable oil, water, wonton wrappers"
649062,Korean Perilla Pesto,"pack of sesame leaves, pine nuts, garlic, extra virgin olive oil—the best you can afford, salt, pepper"
647867,Indian Tandoori Chicken,"chicken drumsticks [bone in works best], canola oil, yogurt, lemon juice [preferably freshly squeezed], chili powder [or cayenne powder], oil, coriander powder, garlic paste, ginger paste, turmeric powder, fenugreek leaves [kasuri methi, ground cumin powder, ground cinnamon, salt, orange food color [optional]"
662422,Sweet & Sour Chicken with Lychees,"chicken thigh meat, egg white, corn flour, salt, pepper, cooking oil, cucumber, onion, garlic, lychees, liquid from the lychees above, oyster sauce, ketchup, sugar, shaoxing huatiao cooking wine, salt and pepper, chives/spring onions to garnish"
648462,Japanese Clear Soup,"carrot, chicken stock, sherry, green onion, lemon, mushrooms, soy sauce, block tofu, tofu"
648479,Japanese Mabo Tofu With Eggplant,"japanese rice, eggplant, onion, ginger, garlic cloves, ground beef, spring onions, oil, sesame oil, soy sauce, cooking sake, sugar, water, to-ban-jan"
642138,Easy Vegetable Fried Rice,"broccoli, butter, carrots, rice, egg, garlic, ginger, green beans, peas, sesame oil, soy sauce, sugar"
646974,Homemade Creamy Ramen Soup,"carrots, celery seed, extra virgin olive oil, garlic, flour, kombu, onions, poultry seasoning, rice milk, asian rice noodles, real salt sea salt, turmeric, vegetable broth, water"
649073,Korean Saewoo Bokkeumbap (Shrimp Fried Rice),"rice, vegetable oil, bell pepper, onion, kernel corn, carrot, garlic, shrimp, oyster sauce, soy sauce, butter, salt, scrambled eggs"
654430,Pan Seared Fresh Maine Diver Scallops Creamy Avocado Champagne Grape Salad Teriyaki Cabernet Butter Sauce,"avocado, cabernet, champagne grapes, maui maid teriyaki, olive oil, salt/pepper, u10 maine diver scallops, butter"
658347,Ridiculously Easy Naan,"baking powder, baking soda, canola oil, milk, salt, flour"
632897,Asian Turkey Lettuce Wraps With Dipping Sauce,"mushrooms [i prefer baby bellas but any work], carrots, ginger, full head of garlic [yes this is not a typo, garlic, es full iceberg lettuce leaves. wash carefully and wrap paper towels. place, ground turkey, soy sauce, if you want your dipping sauce spicier add some pepper flakes, season rice wine vinegar, splenda, splenda [or sugar if you wish]"
660707,Southwest Egg Rolls with Cilantro Lime Pesto,"cilantro, garlic, almonds, juice of lime, olive oil, salt & pepper, egg roll wrappers, bell pepper, corn, black beans"
1096180,Curry Mee Noodle Soup,"vegetable oil, onion, ginger, lemon grass, garlic, vietnamese chili garlic sauce, chicken breast, curry powder, paprika, coconut milk, vegetable stock, ground turmeric, fish sauce, sugar, asian noodles, salt, cilantro, scallions, limes"
657095,Prawn Curry,"basmati rice, pods cardamom, cinnamon, cumin, ginger juice, ground chili, ground coriander, ground turmeric, oil, onions, potatoes, prawns, salt, sugar, tomatoes, yogurt"
663100,Thai Cucumber Salad (By Roz),"cilantro, cucumbers, jalapeno pepper, lime juice, lime zest, onions, pepper flakes, rice wine vinegar, chop roasted peanuts, salt, coconut & sesame oil, soy sauce, sugar, thai garlic chili pepper sauce, pepper"
632821,Asian Chicken Salad,"chicken, slivered almonds, pineapple tidbits, green onions, water chestnuts, cream, ground ginger, salt, pepper"
638717,Chinese Steamed Flan,"eggs, granulated sugar, granulated sugar, strawberries, vanilla, milk"
645769,Grilled Masala Prawns With Pineapple-Mint Raita,"capsicums-seeded& cut to bite size wedges, mint leaves, chillies, salt, ground pepper, ground tumeric, pounded garlic 2 honey, extra mint, natural yoghurt-unsweetened, oil, pineapple, salt"
662584,"Sweet Potato Kimchi Hash Brunch - gluten free, dairy free, vegetarian","coconut oil plus extra 2-3 tablespoons, onions, garlic, sweet potatoes, kimchi, kosher salt, pepper, agave nectar, gf sherry vinegar, chives plus 1 tablespoon, arugula, vegetarian option: one fried egg"
641958,Easy Eggplant Curry,"eggplants, ghee/vegetable oil, onion, centimeters piece of ginger, garlic, fennel seeds, cumin seeds/ground cumin, ground coriander, ground turmeric, a pinch of chilli powder, sea salt, tomatoes"
838883,Asian Lettuce Wrap Chicken Chopped Salad,"chicken thighs, hoisin sauce, lime juice, rice vinegar, honey, garlic clove, sesame oil"
638668,Chinese Hot Pots Gluten-Free and Low-Carb,"chicken stock, water, rice vinegar, soy sauce, sesame oil, ginger, garlic cloves, chicken thighs, rice stick noodles, of green onions, mung bean sprouts, mushrooms, baby bok choy, chile-garlic paste"
655903,Phyllo Dough Baked Spring Rolls,"if non-vegetarian: add baby shrimp, approx. bean sprouts, cabbage, carrots, chili, chives, fish sauce, basil, coriander, thumb-size piece galangal, garlic, green onions, lime juice, phyllo dough, shiitake mushrooms, regular soy sauce, sugar, to tofu"
632848,Asian Marinated Chicken Thighs,"skin-on chicken thighs, canola oil, asian fish sauce, asian chili flakes, cilantro leaves, garlic cloves, sesame oil, lemon zest, lime zest, pepper, sriracha"
982366,Easy Asian Sweet Chili Chicken Meatballs,"bell pepper, cabbage, carrot, cornstarch, egg, ginger, garlic powder, green onion sprigs, ground chicken, honey, soy sauce, onion powder, pineapple juice, pepper flakes, rice wine vinegar, teriyaki sauce, bread crumbs"
665484,Xocai Oatmeal Dark Chocolate No-Bake Cookies,"butter substitute, xocai healthy chocolate nugget, oats, peanut butter, soy milk, sugar substitute, vanilla"
652834,My Chicken Korma,"chicken breast, coconut milk, coriander powder, cumin powder, ginger/garlic paste, ground almond, oil, poppy seeds, raisins, salt"
1096283,Thinly Sliced Beef Yakitori,"mirin, soy sauce, rice vinegar, sesame oil, brown sugar, garlic, ginger, jalapeno pepper, orange peel, flap steak, cornstarch, water, canola oil, rice, sesame seeds"
659038,Salmon and Brown Rice Eggrolls,"left over brown rice, canola oil, sized carrots, eggroll wrappers, garlic, ginger, green onions, ground pepper, salmon, salt, soy sauce"
632856,Asian Orange Noodle Salad,"canola oil, poached and chicken, chili garlic sauce, cilantro, coleslaw mix, corn, ginger, green onions, jalapeno, orange bell pepper, orange juice concentrate, peanuts, rice vinegar, salad, sesame oil, dressing, soy sauce, box and udon noodles"
643786,Fried Rice - Chinese comfort food,"rice, onion, spring onions, eggs, rashers bacon, vegetables from the freezer, soy sauce, soy sauce, sesame oil, bell pepper"
652824,My Asian Fried Fish Fillet,"all spice, baking powder, fish fillet, corn flour, curry powder, eggs, ground pepper, rice wine, soy sauce, sugar"
658068,"Red Lentil Curry (Vegan, Gluten Free)","brown sugar, chili powder, cinnamon, curry powder, fennel, garlic, ginger root, ground cumin, ground turmeric, mustard seed, lentils, salt, tomato puree, tomatoes, vegetable oil, onion"
643832,Fried Xocai Healthy Chocolate Stuffed Wontons,"almonds ), chicken breasts, chocolate, eggs, pepper, salt, water, wonton wrappers"
638631,Chinese Bbq Pork Ribs,"baby back rib, honey, sauce a, salt, sugar, five spices, sar cheong powder, cooking wine, garlic powder, cinnamon, sauce b, hoisin sauce, ground bean paste, sesame seed paste, sugar, preserved beancurd, garlic, shallots"
639803,Coconut Prawn Curry,"shell on prawns, onion, coconut milk, turmeric powder, fennel seeds, garam masala, curry leaves, salt& sugar, chilli/ coriander, garlic cloves, ginger, salt"
1450327,Simple Garlic Butter Naan,"flour, greek yogurt, baking powder, salt, garlic, butter, ghee"
651186,Masala Roti/chapati( Spiced Indian Flat Bread),"wheat flour, all purpose flour, onion, turmeric powder, chili powder, garam masala, salt, oil as required, mustard seeds, cumin seeds"
659906,Shrimp & Crab Egg Rolls,"bean sprouts, carrots, imitation crab, shrimp, garlic cloves, brown sugar, green onions, egg roll wrappers, egg, vegetable oil, salt and ground pepper, chili sauce"
682619,Shrimp Fried Rice,"basil leaves, pepper, butter, chicken bouillon cube, curry powder, egg, garlic, ginger, cooking spoon of olive oil, bulb of onions, rice, vegetables, salt, shrimps, soy sauce, thyme, pepper"
663087,Thai Coconut Beetroot Soup,"beetroot, bell pepper, coconut milk, lemon juice, onion, salt, thai curry paste, vegetable oil, vegetable stock"
652354,Monte Cristo Egg Rolls,"deli forest ham, deli honey ham, deli turkey, egg roll wraps, strawberry jam, deli baby swiss cheese"
648475,Japanese Gyoza Pot Stickers,"pepper, cabbage, chili sesame oil, mushrooms soaked in warm 2 teaspoons ginger root, to 4 green onions, ground beef, salad oil, sesame oil, kikkoman soy sauce, kkikkoman soy sauce, cooking wine, gy a wrappers"
649066,Korean Potato Salad,"russet potatoes, gala apple, korean pear, celery, salt, pepper, dressing, mayonnaise, sugar, pepper"
663176,Thai-Style Sticky Rice & Mango Dessert Shots,"coconut milk, mint leaves, mangos, salt, freshly short-grain, sugar"
662744,Taco Egg Roll,"ground beef, taco seasoning, egg roll wrappers, mexican cheese"
638693,Chinese Potstickers,"ground pork, water chestnuts, sea salt, sugar, ground pepper, soy sauce, sesame oil, shaoxing huatiao wine, scallions, dumpling wrappers, flour to dust, vegetable oil, water"
643011,Five Spice Chinese Pork Stew,"pork paikut, water enough, five spice powder, cracked pepper, iodized salt, bay leaves, celery stalks, vegetable oil, garlic, shallots/sibuyas na pula, onion, honey, apple cider vinegar, soy sauce, pork stock, ginger, anise seed, cracked pepper, mushrooms"
649056,Korean Honey Citron Tea Cheesecake,"butter, cream cheese, non-dairy topping cream, gelatin, korean honey citron tea paste, lemon juice, gelatin mix, marie biscuits, milk, sugar, water"
1426917,Curry Crackers,"all purpose flour, curry powder, ground ginger, salt, granulated sugar, butter, water, coarse salt"
1697815,Easy Naan Bread with Garlic Butter,"warm water, granulated sugar, active yeast, flour, yogurt, salt, olive oil, egg, butter, garlic, torn into pieces"
640323,Crab Wontons,"crabmeat, cream cheese, reduced fat mayonnaise, soy sauce, garlic, onion powder, ground pepper, won ton wrappers"
648502,Japanese Steamed Sweetcorn Bun,"cake/plain flour, baking powder, caster sugar, egg, water, fresh/frozen sweetcorn kernels, vegetable/corn oil"
632891,Asian Style Meatballs,"beef, panko breadcrumbs, garlic powder, sesame oil, ground ginger, scallions, egg, water, hoisin sauce, rice vinegar, garlic powder, soy sauce, sesame oil, scallions"
632840,Asian Honey-Glazed Chicken,"to 4 pounds chicken parts, chili paste, mustard, green onions, each: hoisin sauce, honey, rice vinegar, soy sauce, vegetable oil"
649129,Kung Pao Chicken With Peanuts,"chicken breasts, chili peppers, cornstarch, egg, garlic, oil, salt, scallion, scallions, sherry, soy sauce, water"
632851,Asian Meatballs,"duck sauce, egg, egg whites, garlic, green onions, ground chuck, ground ginger, ground turkey, hoisin sauce, soy sauce, panko, pepper flakes, rice vinegar, sesame oil"
658177,Repost - Japanese Cotton Cheesecake,"vanilla flavor, butter, corn flour, cheese cream, cream of tartar, egg whites, egg yolks, full cream milk, flour, sugar"
390813,Easy Korean Beef,"brown sugar, pepper, ginger, garlic, green onions, ground beef, salt and pepper, sesame oil, soy sauce"
1096211,The Easiest Beef Pho,"bone broth, ginger, onion, cinnamon sticks, star anise pods, garlic clove, fish sauce, rice noodles, beef tenderloin, mint leaves, lime, green onion"
773676,mushroom curry,"chili slit, cumin, curry leaves, ginger garlic paste, peas, meat masala, mushrooms, mustard, oil, onions, chili powder, salt, tomato, turmeric"
631752,Indian Spiced Red Lentil Soup,"water, cilantro steams, lentils, vegetable bullion cubes, onion, garlic cloves, ginger, serrano chilis, tomatoes, turmeric, garam masala, coriander seeds, cumin seeds, teaspoon sea salt or, expeller grapeseed oil"
639741,Coconut Chow Mein Butterscotch Cookies,"butter, brown sugar, granulated sugar, egg, vanilla extract, flour, baking soda, salt, coconut flakes, chow mein noodles, butterscotch morsels, flaky sea salt"
648734,Kaleji Curry,"chillies nos, delicious kaleji curry is ready, coriander leaves, garlic pod, ginger 2 inch long, now add water and cook on flame till kaleji is tender and little gravy remain, oil, onion nos, fry onion, serve, spices: salt, tomatoes nos, yoghurt, garnish, then add kaleji, fry, kalegi, fry, kalegi"
632797,Asian Beef,"soy sauce, cornstarch, sugar, ginger, flank steak, vegetable oil, bell pepper, pineapple chunks, rice"
652754,Mussels In Curry Sauce,"butter, curry powder, garlic, clear cherry brandy - kirsch, whipping cream, debeared, debeared"
632853,Asian Noodle Soup,"carrots, celery, dijon mustard, green onion, portobello mushroom cap, oriental ramen noodles, soy sauce, water"
651726,Green Curry Chicken Salad,"fish sauce, granny smith apple, green onion, juice of lime, mayonnaise, roasted chicken, romaine lettuce, thai curry paste"
659204,Salted Mint Lassi,"cumin seeds, mint leaves, yogurt, kosher salt, water"
663150,Thai Savory Brown Fried Rice,"extra virgin olive oil, garlic cloves, chili peppers, cashew nuts, coconut, stevia powder, bragg liquid aminos, apple cider vinegar, flax egg, green beans, regular bok choy, brown rice, lime wedges"
663824,Trinidadian Chicken Potato Curry,"chicken thighs, onion, garlic cloves, thyme, hot sauce, powdered ginger, curry powder, coconut oil, cilantro, scallion, vegetable oil, onion, garlic cloves, curry powder, amchar masala, cumin, salt, water, potatoes"
721185,avarakkai paruppu curry recipe,"avarakkai / broad beans, chillies nos), coriander seeds, cumin seeds, jaggery, tamarind - lemon size, mustard, oil, oil, pepper corns tsp, salt, tomatoes nos), toor dal cup, turmeric powder tsp"
632903,Asian Vegetable Stir Fry With Ground Beef,"broccoli, brown onion, carrots, cooking oil, cornstarch, eggplant, garlic, ginger, ground beef, kosher salt and pepper, naturally rice vinegar, naturally soy sauce, mexican squash, sugar, sambal oelek, sambal oelek"
632812,Asian Chicken and Broccoli With Chili Garlic Sauce,"sesame oil, broccoli florets, chicken breast, chicken broth, rice vinegar, mirin, water, chili garlic sauce, fish sauce, soy sauce, cornstarch, green onion, brown basmati rice"
663151,Thai Shrimp,"basil leaves, chicken stock, rice, fish sauce, green onions, peanut oil, chilies, shrimp, soy sauce, sugar"
649137,Kyuri Tsukemono,"to 4 japanese cucumbers, soy sauce, rice vinegar, sesame oil, chili peppers"
644393,Garlicky Mussels With Curry Cream,"butter, coconut milk, curry powder, wine, cilantro, garlic cloves, bag bearded mussels"
637422,Chana Masala in Minty Yogurt sauce,"bay leaf, chickpeas, chana masala powder, coriander powder, cumin seeds, garlic, ginger, mint leaves, oil, onion, chili powder, salt, tomatoes, turmeric powder, yogurt"
1095688,"Indian Sweet Jackfruit Dessert [Paleo, AIP]","jackfruit segents, honey, coconut flour, salt, coconut oil, coconut oil to cook in"
621204,paneer butter masala,"bay leaf, butter, cardamom, cashew nuts, cinnamon stick, coriander powder, fenugreek leaves, garam masala powder, garlic gratedor paste, ginger, oil, onions, paneer / indian cottage cheese, tomatoes, turmeric, to"
652825,My Asian Calamari,"all spice powder, all purpose flour, baking powder, oil, cornstarch, curry powder, egg white, ground pepper, paprika, salt, squid rings, sugar"
632819,Asian Chickpea Lettuce Wraps,"chickpeas, chili sauce, hoison sauce, soy sauce, olive oil, rice vinegar, sugar, pepper flakes, sirachi sauce, basil, romaine leaves"
663868,Tropical Thai Chicken Curry,"coconut milk, fish sauce, basil leaves, lime leaves, mango, palm sugar, pineapple, curry paste, chicken breast, water"
1096003,Walnut Dark Chocolate Truffles,"walnuts, chocolate, butter, dulce de leche, raisins, cranberries"
645657,Grilled Chicken Skewers with Asian Flavors,"brown rice, ginger, garlic, pineapple chunks, onion, pepper flakes, salt & pepper flakes, scallion, sesame oil, chicken breasts, soy sauce, sugar, chili sauce, vegetable oil, zucchini"
635148,Black Quinoa Asian Slaw,"carrots, cilantro, ginger, mango, oranges, quinoa, cabbage, rice vinegar, scallions, sesame oil, sesame seeds, sriracha sauce, sugar snap peas, water"
773671,mushroom masala,"bay leaf, capsicums, cinnamon, desiccated coconut, ginger garlic paste, kasuri methi, oil, onions, chili powder, roasted peanuts, salt, roasted sesame seeds, tomatoes, turmeric, button mushrooms, to"
640634,Creamy Curry Chicken With Yellow Rice,"olive oil, onion, garlic cloves, ground cumin, ground turmeric, ground coriander, garam masala, ground ginger, coconut milk, tomatoes, lemon juice, brown sugar, corn starch, salt, cilantro, wholes, wholes"
649045,Korean Dak Juk (Chicken Porridge),"carrot, 5 pieces chicken breasts, 6 garlic, salt, scallions, sesame oil, soy sauce, of water, zucchini, jjapsahl, jjapsahl"
627874,mint raita,"cucumber, cumin, coriander leaves, mint leaves, greek yogurt, chili, onions, salt, to"
632815,Asian Chicken Noodle Soup,"carrot, celery stick, chicken drumsticks and chicken thighs, cinnamon stick, coriander leaves, ginger, olive oil, potato, rice noodles, salt and pepper, shallots, star anise, water, onion"
632847,Asian Lettuce Wraps,"broccoli slaw, chicken stock, coconut aminos, garlic, lettuce, ground ginger, extra-lean ground turkey, lime juice, orange marmalade, sesame oil, tapioca starch, thai fish sauce"
664575,Vegetable Paneer Skewers Or Paneer Tikka,"bell pepper, onion, tomato, paneer 1"" x 1"", olive oil, yogurt, olive oil, ginger garlic paste, salt& chilli powder, chaat masala, jeera powder, chilli and 3 cilantro"
664650,Vegetarian Chinese Pot Stickers,"won ton wrappers, mushrooms, soy sauce, sriracha hot sauce, ginger, garlic, scallions, little cornstarch, little vegetable oil, water"
641145,Curry-Braised Chicken,"basmati rice, brown sugar, fish sauce, lime juice, bell pepper, salt, chicken breasts, coconut milk, vegetable oil, curry paste"
638729,Chinese Veg Fried rice,"basmati rice, garlic if you prefer. at home garlic is used to a minimum and barely a hint, chillis, olive oil, pepper flakes, pepper powder, salt, soy sauce to give a stronger colour but we prefer the rice to remain little and dont really care, spring onions, greens of spring onions, chilli sauce if you prefer a spicier one"
157459,Spicy Coconut Chicken Curry,"butter, rice, jalapeño, olive oil, onion, bell pepper, chicken breasts, thai curry paste, squash"
634579,Beef and Tomato Curry Over Quinoa,"beef chuck roast, curry powder, olive oil, onion, garlic, chile, ginger, mild curry powder, tomato paste, red wine, canned tomatoes, bay leaf, quinoa"
663175,Thai-Style Fish,"basil leaves, cayenne, fish, garlic, ginger, green onions, salt and pepper, sesame oil"
769533,chettinad egg curry,"cardamoms/ elaichi, to 5 chilies, cinnamon stick, coconut or, coriander seeds, cumin, curry leaves, eggs, coriander leaves, ginger garlic paste, oil, onion, pepper, poppy seeds, salt, tomatoes"
650673,Malay-Style Red Chicken Curry,"chicken drumsticks/thighs, turmeric poweder, onions, tomatoes, tomato puree, tomato ketchup, soya sauce, water, sugar, salt, vegetable oil, shallots, ginger, chilies, chilies, garlic"
627875,onion raita,"coriander leaves, chilies, onions, salt, indian yogurt"
648460,Japanese Chicken Donburi,"baby spinach leaves, boned skinned chicken breast, rice, eggs, fat-skimmed chicken broth, ginger, onion, roma tomato, salad oil, soy sauce, sugar"
648461,Japanese Chiffon Cake,"butter, cornflour, liquid cream, block cream cheese, eggs, flour, caster sugar"
632955,Asparagus Thai Style With Squids,"asparagus, carrot, cooking oil, fish sauce, garlic, sugar, water, squids, squids"
641123,Curry Fish With Peas,"rice, cornstarch, curry powder, alaska pollock fillet, peas, ketchup, oil, onion, rice wine, salt, sugar, water, pepper"
607954,Asian Beef with Vegetables,"baby corn, beef broth, bell pepper, bottom round, broccoli florets, canola oil, cornstarch, ginger, garlic, bell pepper, cabbage, green onions, onion, bell pepper, sesame oil, soy sauce, of water chestnuts"
641208,Dak Bulgogi - Korean BBQ Chicken,"apple, boston bibb lettuce, brown sugar, chicken thighs, garlic cloves, ginger, pepper flakes, scallions, sesame oil, sesame seeds, soy sauce"
665496,Yakitori Glaze,"ginger, mirin, sake, japanese soy sauce, sugar, tamari"
662427,Sweet & Spicy Thai Relish,"chile de arbols, fish sauce, garlic, grape tomatoes, lime juice, very onion, bell pepper, sugar"
632849,Asian Marinated Eggplant,"cilantro, mediums sized eggplants, ginger, parsley) leaves, rice wine vinegar, sesame oil, tamari, inch crosswise into ¼, crosswise into ¼"
663108,Thai Fish Cakes,"corn flour, egg, fish sauce, coriander leaves, green beans, oil, chilli, curry paste, salt, spring onion, fish fillets"
984198,BBQ Gochujang Cauliflower Fried Rice,"cauliflower rice, scallion, coconut oil, egg, bibigo go-chu-jang barbecue sauce"
649029,Korean Bibim Naengmyun (Instant Spicy Cold Noodles),"alfalfa sprouts, cucumber, eggs, gochujang, kimchi, leaf lettuce, sesame seeds, bibim-myun packages"
654371,Palak Gosht,"fry onion till golden brown, chillies nos, coriander bunch, garlic pod, ginger long 2 inch, then add water i and cook on flame till meat is tender, add meat and fry, oil, onion nos, serve, delicious palak gosht is ready, spices: salt, tomatoes nos, boil palak in water, mutton, now add palak and cook, palak, mutton, now add palak and cook, palak"
663669,Tonkatsu,"egg, flour, tonkatsu sauce, panko bread crumbs, pepper, pork chops, salt, vegetable oil"
648500,Japanese Steak Salad,"well-trimmed beef top sirloin 3 cups napa cabbage, carrots, rice, cucumber, sherry, ginger, green onion, hoisin sauce, soy sauce, oriental roasted sesame oil, pea pods, radishes, rice wine vinegar, romaine lettuce, sugar, water"
652542,Mughlai Malai Kofta Curry,"chilli powder, thai chillies, coriander powder, cornflour/ corn starch, cilantro, garam masala, garlic paste, ginger paste, golden raisins, chillies, cream / half & half, cmin powder, % milk, onions, paneer, paneer, carrot & peas, potatoes, salt, tomato puree, turmeric powder, shah jeera"
664551,Vegetable Fried Wontons,"scallion, jicama, carrot, celery, ginger, garlic, soy sauce, oyster sauce, honey, rice wine, chicken broth, wonton wrappers, canola oil, cinnamon, sauce"
664861,Curry Spiced Carrots,"carrots - tops and carrots, cilantro, curry powder, garlic cloves, kosher salt and pepper, lemon juice, lime wedges, olive oil, greek yogurt, turmeric"
654072,Oriental Filet Mignon on Crisp Kataifi with Shrimp Tempura,"filet mignon steaks, wine, each: soy sauce, ginger, garlic, pepper flakes, rice vinegar, water shrimp, egg whites, corn starch, panko, kataifi pastry, oil"
647799,Indian Butter Chicken,"butter, chicken breasts, chicken broth, garam masala, garlic, ginger, lemon, oil, yogurt, salt and pepper, cream, tomatoes"
645961,Indian-Spiced Ground Beef Main Dish,"canola oil, chilli powder, cilantro, cinnamon stick, mint leaves, spinach, garam masala, garlic glove, ginger paste, cardamom pods, chillies, ground beef, ground cumin, ground pepper, onion, yogurt, salt"
648467,Japanese Cucumber Salad,"cucumber, green onions, rice wine vinegar, sesame oil, soy sauce, pkt sugar substitute"
660959,Spiced Lassi,"yogurt, water, chilli, shallot, roasted cumin seeds, corriander leaves, salt, ice cubes"
658967,Saffron Chicken Tikka,"chicken breasts, cinnamon stick, cardamom seeds, cardamom seeds, cloves, chillies, garlic paste, ginger paste, pepper corns, saffron, milk, salt, skewers, skewers"
667701,salmon fried rice,"brown sugar, cilantro, eggs, garlic, ginger, green onions, olive oil, peas, bell pepper, onion, day old rice, salmon in chunks, soy sauce"
648487,Japanese Pickles,"chili peppers, japanese cucumbers, cilantro, onion, rice syrup, rice vinegar, salt"
1681409,Avocado Sweet Lassi - How to make Avocado Lassi - Indian Avocado,"avocado, yogurt, to .5 cups water, cardamom powder, sugar"
